pdb_id,chain_id,num_residues,residues_preview
6UZN,A,276,GLY-SER-HIS-SER-MET...
6UZN,B,100,MET-ILE-GLN-ARG-THR...
6UZN,C,9,THR-VAL-ARG-ALA-SER...
8SBK,A,275,GLY-SER-HIS-SER-MET...
8SBK,B,100,MET-ILE-GLN-ARG-THR...
8SBK,C,9,LEU-TYR-LEU-PRO-VAL...
6Z9W,A,275,GLY-SER-HIS-SER-MET...
6Z9W,B,100,MET-ILE-GLN-ARG-THR...
6Z9W,C,9,LEU-LEU-GLY-TRP-VAL...
6Z9W,D,275,GLY-SER-HIS-SER-MET...
6Z9W,E,100,MET-ILE-GLN-ARG-THR...
6Z9W,F,9,LEU-LEU-GLY-TRP-VAL...
7NMG,A,276,GLY-SER-HIS-SER-MET...
7NMG,B,100,MET-ILE-GLN-ARG-THR...
7NMG,C,9,LEU-TRP-MET-ARG-LEU...
7NMG,D,192,GLY-GLU-ASP-VAL-GLU...
7NMG,E,240,THR-GLY-VAL-SER-GLN...
9GV6,A,276,GLY-SER-HIS-SER-MET...
9GV6,B,100,MET-ILE-GLN-ARG-THR...
9GV6,C,9,SER-LEU-SER-ASN-ARG...
9GV6,D,185,LYS-THR-THR-GLN-PRO...
9GV6,E,245,ALA-GLY-VAL-ALA-GLN...
9GV6,G,276,GLY-SER-HIS-SER-MET...
9GV6,H,100,MET-ILE-GLN-ARG-THR...
9GV6,I,9,SER-LEU-SER-ASN-ARG...
9GV6,J,185,LYS-THR-THR-GLN-PRO...
9GV6,K,245,ALA-GLY-VAL-ALA-GLN...
4PRE,A,276,GLY-SER-HIS-SER-MET...
4PRE,B,99,ILE-GLN-ARG-THR-PRO...
4PRE,C,11,HIS-PRO-VAL-GLY-GLN...
7NMD,A,276,GLY-SER-HIS-SER-MET...
7NMD,B,100,MET-ILE-GLN-ARG-THR...
7NMD,C,9,GLN-LEU-PRO-ARG-LEU...
7NMD,D,276,GLY-SER-HIS-SER-MET...
7NMD,E,100,MET-ILE-GLN-ARG-THR...
7NMD,F,9,GLN-LEU-PRO-ARG-LEU...
7KGQ,A,276,GLY-SER-HIS-SER-MET...
7KGQ,B,99,ILE-GLN-ARG-THR-PRO...
7KGQ,C,9,LEU-LEU-LEU-ASP-ARG...
7KGR,A,274,GLY-SER-HIS-SER-MET...
7KGR,B,98,GLN-ARG-THR-PRO-LYS...
7KGR,C,9,LEU-GLN-LEU-PRO-GLN...
6VQE,A,276,GLY-SER-HIS-SER-MET...
6VQE,B,100,MET-ILE-GLN-ARG-THR...
6VQE,C,10,LYS-ARG-TRP-ILE-ILE...
3TO2,A,275,GLY-SER-HIS-SER-MET...
3TO2,B,100,MET-ILE-GLN-ARG-THR...
3TO2,C,9,LEU-ALA-CYS-PHE-VAL...
3OX8,A,275,GLY-SER-HIS-SER-MET...
3OX8,B,100,MET-ILE-GLN-ARG-THR...
3OX8,C,10,PHE-LEU-PRO-SER-ASP...
3OX8,D,275,GLY-SER-HIS-SER-MET...
3OX8,E,100,MET-ILE-GLN-ARG-THR...
3OX8,F,10,PHE-LEU-PRO-SER-ASP...
5VWF,A,276,GLY-SER-HIS-SER-MET...
5VWF,B,97,ILE-GLN-ARG-THR-PRO...
5VWF,C,9,LEU-THR-VAL-GLN-VAL...
4PRP,A,276,GLY-SER-HIS-SER-MET...
4PRP,B,99,ILE-GLN-ARG-THR-PRO...
4PRP,C,11,HIS-PRO-VAL-GLY-GLN...
4PRP,D,200,GLN-VAL-THR-GLN-SER...
4PRP,E,241,ASP-SER-GLY-VAL-THR...
7EJM,A,274,GLY-SER-HIS-SER-MET...
7EJM,B,103,GLY-SER-SER-GLY-ILE...
7EJM,C,9,THR-TYR-ILE-LYS-TRP...
6O51,A,274,GLY-SER-HIS-SER-MET...
6O51,B,99,ILE-GLN-ARG-THR-PRO...
6O51,C,10,TYR-LEU-VAL-VAL-VAL...
7OW5,A,275,SER-HIS-SER-MET-ARG...
7OW5,B,99,ILE-GLN-ARG-THR-PRO...
7OW5,C,10,VAL-VAL-VAL-GLY-ALA...
7OW5,D,191,ALA-GLN-LYS-VAL-THR...
7OW5,E,246,MET-ASN-ALA-GLY-VAL...
7JYV,A,276,GLY-SER-HIS-SER-MET...
7JYV,B,100,MET-ILE-GLN-ARG-THR...
7JYV,C,9,TYR-PHE-SER-PRO-ILE...
9BLA,A,276,GLY-SER-HIS-SER-MET...
9BLA,B,100,MET-ILE-GLN-ARG-THR...
9BLA,C,8,ARG-TYR-PRO-LEU-THR...
9BLA,G,264,LYS-PRO-PHE-LEU-SER...
7KGT,A,278,GLY-SER-HIS-SER-MET...
7KGT,B,99,ILE-GLN-ARG-THR-PRO...
7KGT,C,3,ARG-LEU-ASN
8GON,A,275,GLY-SER-HIS-SER-MET...
8GON,B,100,MET-ILE-GLN-ARG-THR...
8GON,C,9,ARG-LEU-GLN-SER-LEU...
8GON,D,190,ALA-GLN-THR-VAL-THR...
8GON,E,245,ASP-ALA-GLY-VAL-ILE...
7DYN,A,276,GLY-SER-HIS-SER-MET...
7DYN,B,99,ILE-GLN-ARG-THR-PRO...
7DYN,C,10,ARG-ARG-PHE-SEP-ARG...
7SIG,A,276,GLY-SER-HIS-SER-MET...
7SIG,B,100,MET-ILE-GLN-ARG-THR...
7SIG,C,9,ASN-PRO-ASP-ILE-VAL...
1YDP,A,275,SER-HIS-SER-MET-ARG...
1YDP,B,100,MET-ILE-GLN-ARG-THR...
1YDP,P,9,ARG-ILE-ILE-PRO-ARG...
7OW3,A,274,SER-HIS-SER-MET-ARG...
7OW3,B,100,MET-ILE-GLN-ARG-THR...
7OW3,C,10,VAL-VAL-VAL-GLY-ALA...
7OW3,D,274,SER-HIS-SER-MET-ARG...
7OW3,E,100,MET-ILE-GLN-ARG-THR...
7OW3,F,7,VAL-VAL-VAL-GLY-VAL...
7OW3,G,274,SER-HIS-SER-MET-ARG...
7OW3,H,100,MET-ILE-GLN-ARG-THR...
7OW3,I,6,VAL-VAL-VAL-VAL-GLY...
7OW3,J,275,GLY-SER-HIS-SER-MET...
7OW3,K,100,MET-ILE-GLN-ARG-THR...
7OW3,L,10,VAL-VAL-VAL-GLY-ALA...
7WT4,A,277,ALA-GLY-SER-HIS-SER...
7WT4,B,100,ALA-ILE-GLN-ARG-THR...
7WT4,C,8,ARG-TYR-GLY-PHE-VAL...
7WT4,D,233,ALA-GLY-SER-HIS-SER...
7WT4,E,89,ALA-ILE-GLN-ARG-THR...
7WT4,F,8,ARG-TYR-GLY-PHE-VAL...
7N6E,A,271,GLY-SER-HIS-SER-MET...
7N6E,B,99,ILE-GLN-ARG-THR-PRO...
7N6E,C,9,TYR-LEU-GLN-PRO-ARG...
7N6E,D,274,GLY-SER-HIS-SER-MET...
7N6E,E,99,ILE-GLN-ARG-THR-PRO...
7N6E,F,9,TYR-LEU-GLN-PRO-ARG...
7N6E,G,198,ARG-LYS-GLU-VAL-GLU...
7N6E,I,199,ARG-LYS-GLU-VAL-GLU...
7N6E,H,239,GLY-ILE-THR-GLN-SER...
7N6E,J,239,GLY-ILE-THR-GLN-SER...
8E13,A,275,GLY-SER-HIS-SER-MET...
8E13,B,100,MET-ILE-GLN-ARG-THR...
8E13,C,8,PHE-ALA-LYS-LYS-LYS...
7WZZ,A,277,GLY-SER-HIS-SER-MET...
7WZZ,B,99,ILE-GLN-ARG-THR-PRO...
7WZZ,C,9,LYS-ALA-GLY-GLN-VAL...
8GVG,A,203,GLN-SER-VAL-THR-GLN...
8GVG,B,240,GLY-VAL-SER-GLN-ASP...
8GVG,H,274,GLY-SER-HIS-SER-MET...
8GVG,L,99,ILE-GLN-ARG-THR-PRO...
8GVG,P,8,ARG-PHE-PRO-LEU-THR...
4PRA,A,276,GLY-SER-HIS-SER-MET...
4PRA,B,99,ILE-GLN-ARG-THR-PRO...
4PRA,C,11,HIS-PRO-VAL-GLY-GLN...
8HN4,A,274,SER-HIS-SER-MET-ARG...
8HN4,B,100,MET-ILE-GLN-ARG-THR...
8HN4,E,9,GLN-TYR-ILE-LYS-TRP...
8RJI,A,276,GLY-SER-HIS-SER-MET...
8RJI,B,100,MET-ILE-GLN-ARG-THR...
8RJI,C,9,ASN-TYR-ASN-TYR-ARG...
8RJI,D,276,GLY-SER-HIS-SER-MET...
8RJI,E,100,MET-ILE-GLN-ARG-THR...
8RJI,F,9,ASN-TYR-ASN-TYR-ARG...
8RJI,G,276,GLY-SER-HIS-SER-MET...
8RJI,H,100,MET-ILE-GLN-ARG-THR...
8RJI,J,276,GLY-SER-HIS-SER-MET...
8RJI,K,100,MET-ILE-GLN-ARG-THR...
8RJI,L,9,ASN-TYR-ASN-TYR-ARG...
8RJI,I,9,ASN-TYR-ASN-TYR-ARG...
6BXQ,A,8,ARG-VAL-LYS-GLU-GLN...
6BXQ,B,276,GLY-SER-HIS-SER-MET...
6BXQ,C,100,MET-ILE-GLN-ARG-THR...
7F4W,A,280,MET-ASN-SER-VAL-ASP...
7F4W,B,100,MET-ILE-GLN-ARG-THR...
7F4W,C,280,MET-ASN-SER-VAL-ASP...
7F4W,D,100,MET-ILE-GLN-ARG-THR...
7F4W,E,9,ASN-TYR-ASN-TYR-LEU...
7F4W,F,9,ASN-TYR-ASN-TYR-LEU...
5VVP,A,276,GLY-SER-HIS-SER-MET...
5VVP,B,97,ILE-GLN-ARG-THR-PRO...
5VVP,C,9,LEU-SER-SER-PRO-VAL...
8EO8,A,275,SER-HIS-SER-MET-ARG...
8EO8,B,99,ILE-GLN-ARG-THR-PRO...
8EO8,C,9,LEU-PRO-PHE-ASP-LYS...
8EO8,D,206,SER-ALA-GLY-GLU-ASN...
8EO8,E,246,ALA-VAL-VAL-SER-GLN...
8EO8,F,275,SER-HIS-SER-MET-ARG...
8EO8,G,99,ILE-GLN-ARG-THR-PRO...
8EO8,H,9,LEU-PRO-PHE-ASP-LYS...
8EO8,I,206,SER-ALA-GLY-GLU-ASN...
8EO8,J,246,ALA-VAL-VAL-SER-GLN...
8EO8,K,253,SER-HIS-SER-MET-ARG...
8EO8,L,100,MET-ILE-GLN-ARG-THR...
8EO8,M,9,LEU-PRO-PHE-ASP-LYS...
8EO8,N,199,SER-ALA-GLY-GLU-ASN...
8EO8,O,246,ALA-VAL-VAL-SER-GLN...
8EO8,P,275,SER-HIS-SER-MET-ARG...
8EO8,Q,99,ILE-GLN-ARG-THR-PRO...
8EO8,R,9,LEU-PRO-PHE-ASP-LYS...
8EO8,S,199,SER-ALA-GLY-GLU-ASN...
8EO8,T,244,ALA-VAL-VAL-SER-GLN...
6V2O,A,276,GLY-SER-HIS-SER-MET...
6V2O,B,100,MET-ILE-GLN-ARG-THR...
6V2O,C,10,ALA-SER-LEU-ASN-LEU...
6UK2,A,275,GLY-SER-HIS-SER-MET...
6UK2,B,100,MET-ILE-GLN-ARG-THR...
6UK2,C,9,LYS-GLN-TRP-LEU-VAL...
6UK2,D,202,GLN-THR-VAL-THR-GLN...
6UK2,E,244,ASP-ALA-GLY-VAL-ILE...
6MTL,A,276,GLY-SER-HIS-SER-MET...
6MTL,B,99,ILE-GLN-ARG-THR-PRO...
6MTL,C,9,PHE-GLU-ASP-LEU-ARG...
6VR5,A,274,GLY-SER-HIS-SER-MET...
6VR5,B,98,MET-ILE-GLN-ARG-THR...
6VR5,D,275,GLY-SER-HIS-SER-MET...
6VR5,E,100,MET-ILE-GLN-ARG-THR...
6VR5,P,9,HIS-MET-THR-GLU-VAL...
6VR5,Q,9,HIS-MET-THR-GLU-VAL...
1SYV,A,276,GLY-SER-HIS-SER-MET...
1SYV,B,99,ILE-GLN-ARG-THR-PRO...
1SYV,C,9,GLU-GLU-PHE-GLY-ARG...
7Q98,A,276,GLY-SER-HIS-SER-MET...
7Q98,B,100,MET-ILE-GLN-ARG-THR...
7Q98,C,10,ASN-LEU-SER-ALA-LEU...
7Q98,D,276,GLY-SER-HIS-SER-MET...
7Q98,E,100,MET-ILE-GLN-ARG-THR...
7Q98,F,10,ASN-LEU-SER-ALA-LEU...
7Q98,G,276,GLY-SER-HIS-SER-MET...
7Q98,H,100,MET-ILE-GLN-ARG-THR...
7Q98,I,10,ASN-LEU-SER-ALA-LEU...
7Q98,J,276,GLY-SER-HIS-SER-MET...
7Q98,K,100,MET-ILE-GLN-ARG-THR...
7Q98,L,10,ASN-LEU-SER-ALA-LEU...
7Q98,M,276,GLY-SER-HIS-SER-MET...
7Q98,N,100,MET-ILE-GLN-ARG-THR...
7Q98,O,10,ASN-LEU-SER-ALA-LEU...
6VB1,A,276,GLY-SER-HIS-SER-MET...
6VB1,B,99,ILE-GLN-ARG-THR-PRO...
6VB1,C,9,GLU-LEU-ARG-ALA-ARG...
7XF3,A,276,GLY-SER-HIS-SER-MET...
7XF3,B,99,ILE-GLN-ARG-THR-PRO...
7XF3,C,9,ALA-LEU-ILE-GLY-ALA...
7PB2,A,274,SER-HIS-SER-MET-ARG...
7PB2,B,98,ILE-GLN-ARG-THR-PRO...
7PB2,C,10,VAL-VAL-VAL-GLY-ALA...
7PB2,D,163,GLN-LYS-VAL-THR-GLN...
7PB2,E,244,ASN-ALA-GLY-VAL-THR...
7PB2,F,274,SER-HIS-SER-MET-ARG...
7PB2,G,97,GLN-ARG-THR-PRO-LYS...
7PB2,H,10,VAL-VAL-VAL-GLY-ALA...
7PB2,I,179,GLN-LYS-VAL-THR-GLN...
7PB2,J,244,ASN-ALA-GLY-VAL-THR...
7R7X,A,277,GLY-SER-HIS-SER-MET...
7R7X,B,100,MET-ILE-GLN-ARG-THR...
7R7X,C,277,GLY-SER-HIS-SER-MET...
7R7X,D,100,MET-ILE-GLN-ARG-THR...
7R7X,E,9,GLN-ALA-SER-GLN-GLU...
7R7X,F,9,GLN-ALA-SER-GLN-GLU...
8EMK,A,276,GLY-SER-HIS-SER-MET...
8EMK,B,99,ILE-GLN-ARG-THR-PRO...
8EMK,C,9,LEU-PRO-PHE-ASP-LYS...
8EMI,A,276,GLY-SER-HIS-SER-MET...
8EMI,B,99,ILE-GLN-ARG-THR-PRO...
8EMI,C,9,LEU-PRO-PHE-ASP-LYS...
7JYW,A,275,GLY-SER-HIS-SER-MET...
7JYW,B,100,MET-ILE-GLN-ARG-THR...
7JYW,C,9,THR-TYR-GLN-TRP-ILE...
7MJ8,A,276,GLY-SER-HIS-SER-MET...
7MJ8,B,99,ILE-GLN-ARG-THR-PRO...
7MJ8,C,12,LEU-LEU-LEU-PRO-LEU...
6P64,A,275,GLY-SER-HIS-SER-MET...
6P64,B,100,MET-ILE-GLN-ARG-THR...
6P64,F,256,GLY-SER-HIS-SER-MET...
6P64,G,100,MET-ILE-GLN-ARG-THR...
6P64,D,189,THR-VAL-THR-GLN-SER...
6P64,E,245,MET-ASP-ALA-GLY-VAL...
6P64,I,202,GLN-THR-VAL-THR-GLN...
6P64,J,244,ASP-ALA-GLY-VAL-ILE...
6P64,C,9,LYS-GLN-TRP-LEU-VAL...
6P64,H,9,LYS-GLN-TRP-LEU-VAL...
8RNG,A,276,GLY-SER-HIS-SER-MET...
8RNG,C,8,THR-GLU-VAL-GLU-THR...
8RNG,B,100,MET-ILE-GLN-ARG-THR...
6O4Z,A,274,GLY-SER-HIS-SER-MET...
6O4Z,B,99,ILE-GLN-ARG-THR-PRO...
6O4Z,C,9,LYS-LEU-VAL-VAL-VAL...
7EU2,A,280,ASN-SER-VAL-ASP-GLY...
7EU2,B,100,MET-ILE-GLN-ARG-THR...
7EU2,C,9,LYS-ILE-ALA-ASP-TYR...
7EU2,D,279,ASN-SER-VAL-ASP-GLY...
7EU2,E,99,ILE-GLN-ARG-THR-PRO...
7EU2,F,9,LYS-ILE-ALA-ASP-TYR...
8YZR,A,274,GLY-SER-HIS-SER-MET...
8YZR,B,99,ILE-GLN-ARG-THR-PRO...
8YZR,E,9,ASN-TYR-ASN-TYR-LEU...
8ZV9,A,266,SER-VAL-ASP-GLY-SER...
8ZV9,B,98,MET-ILE-GLN-ARG-THR...
8ZV9,C,9,ASN-TYR-ASN-TYR-LEU...
8ZV9,D,278,ASP-GLY-SER-HIS-SER...
8ZV9,E,98,GLN-ARG-THR-PRO-LYS...
8ZV9,F,9,ASN-TYR-ASN-TYR-LEU...
8ZV9,G,276,VAL-ASP-GLY-SER-HIS...
8ZV9,H,99,ILE-GLN-ARG-THR-PRO...
8ZV9,I,9,ASN-TYR-ASN-TYR-LEU...
4HX1,A,274,GLY-SER-HIS-SER-MET...
4HX1,B,99,ILE-GLN-ARG-THR-PRO...
4HX1,C,9,SER-VAL-TYR-ASP-PHE...
8ES8,Z,35,GLN-SER-PHE-GLY-LEU...
8ES8,Y,31,GLY-LEU-LEU-ASP-PRO...
8ES8,D,106,PHE-LYS-ILE-PRO-ILE...
8ES8,F,124,GLN-THR-PRO-TYR-LYS...
8ES8,G,116,GLN-SER-ILE-LYS-GLY...
8ES8,E,123,GLN-THR-PRO-TYR-LYS...
8ES8,A,257,GLN-LYS-ILE-THR-GLN...
8ES8,B,287,LYS-VAL-THR-GLN-SER...
8ES8,N,275,GLY-SER-HIS-SER-MET...
8ES8,M,100,MET-ILE-GLN-ARG-THR...
8ES8,P,10,GLY-VAL-TYR-ASP-GLY...
8ES8,C,0,
8ES8,T,0,
8ES8,U,0,
8ES8,V,0,
8ES8,Q,0,
8ES8,J,0,
6UJO,A,275,GLY-SER-HIS-SER-MET...
6UJO,B,100,MET-ILE-GLN-ARG-THR...
6UJO,C,9,LYS-GLN-TRP-LEU-VAL...
4JRY,A,276,GLY-SER-HIS-SER-MET...
4JRY,B,100,MET-ILE-GLN-ARG-THR...
4JRY,C,13,LEU-PRO-GLU-PRO-LEU...
4JRY,D,201,GLU-LEU-LYS-VAL-GLU...
4JRY,E,242,ALA-GLY-VAL-THR-GLN...
9BL6,A,274,GLY-SER-HIS-SER-MET...
9BL6,B,98,MET-ILE-GLN-ARG-THR...
9BL6,C,9,THR-TYR-GLN-TRP-ILE...
9BL6,G,266,LYS-PRO-PHE-LEU-SER...
6Y26,A,276,GLY-SER-HIS-SER-MET...
6Y26,B,100,MET-ILE-GLN-ARG-THR...
6Y26,C,9,GLY-ARG-LEU-ASN-ALA...
6VQY,A,276,GLY-SER-HIS-SER-MET...
6VQY,B,99,ILE-GLN-ARG-THR-PRO...
6VQY,C,277,GLY-SER-HIS-SER-MET...
6VQY,D,99,ILE-GLN-ARG-THR-PRO...
6VQY,G,7,LYS-ARG-TRP-ILE-ILE...
6VQY,F,7,LYS-ARG-TRP-ILE-ILE...
6VQZ,A,276,GLY-SER-HIS-SER-MET...
6VQZ,B,99,ILE-GLN-ARG-THR-PRO...
6VQZ,C,276,GLY-SER-HIS-SER-MET...
6VQZ,D,99,ILE-GLN-ARG-THR-PRO...
6VQZ,G,6,LYS-ARG-TRP-ILE-ILE...
6VQZ,F,6,LYS-ARG-TRP-ILE-ILE...
7CIS,A,276,GLY-SER-HIS-SER-MET...
7CIS,B,100,MET-ILE-GLN-ARG-THR...
7CIS,C,9,ARG-ARG-PHE-SEP-ARG...
8FJB,A,273,GLY-SER-HIS-SER-MET...
8FJB,B,99,ILE-GLN-ARG-THR-PRO...
8FJB,C,9,LYS-VAL-LEU-GLU-HIS...
8FJB,E,207,GLN-VAL-GLN-LEU-VAL...
8FJB,D,214,ASP-ILE-GLN-MET-THR...
5VWD,A,276,GLY-SER-HIS-SER-MET...
5VWD,B,99,ILE-GLN-ARG-THR-PRO...
5VWD,C,9,LEU-THR-VAL-GLN-VAL...
7SIF,A,276,GLY-SER-HIS-SER-MET...
7SIF,B,99,ILE-GLN-ARG-THR-PRO...
7SIF,C,9,ASN-PRO-ASP-ILE-VAL...
7OW6,A,276,GLY-SER-HIS-SER-MET...
7OW6,B,99,ILE-GLN-ARG-THR-PRO...
7OW6,C,10,VAL-VAL-VAL-GLY-ALA...
7OW6,D,181,ALA-GLN-LYS-VAL-THR...
7OW6,E,245,MET-ASN-ALA-GLY-VAL...
8RYQ,A,275,GLY-SER-HIS-SER-MET...
8RYQ,B,99,ILE-GLN-ARG-THR-PRO...
8RYQ,C,9,GLU-LEU-PHE-SER-TYR...
8RYQ,D,186,LYS-GLN-GLU-VAL-THR...
8RYQ,E,241,GLY-VAL-THR-GLN-THR...
8RYQ,F,275,GLY-SER-HIS-SER-MET...
8RYQ,G,99,ILE-GLN-ARG-THR-PRO...
8RYQ,H,9,GLU-LEU-PHE-SER-TYR...
8RYQ,I,188,LYS-GLN-GLU-VAL-THR...
8RYQ,J,239,SER-GLY-VAL-THR-GLN...
6TDO,A,276,GLY-SER-HIS-SER-MET...
6TDO,B,99,ILE-GLN-ARG-THR-PRO...
6XQA,A,276,GLY-SER-HIS-SER-MET...
6XQA,B,99,ILE-GLN-ARG-THR-PRO...
6XQA,C,9,THR-TYR-GLN-TRP-VAL...
6XQA,D,276,GLY-SER-HIS-SER-MET...
6XQA,E,99,ILE-GLN-ARG-THR-PRO...
6XQA,F,9,THR-TYR-GLN-TRP-VAL...
8CX4,A,276,GLY-SER-HIS-SER-MET...
8CX4,B,100,MET-ILE-GLN-ARG-THR...
8CX4,C,9,LEU-ARG-VAL-MET-MET...
8CX4,D,206,LYS-GLN-GLU-VAL-THR...
8CX4,F,242,SER-GLY-VAL-THR-GLN...
8WUL,C,175,LYS-VAL-GLN-GLN-SER...
8WUL,D,239,LYS-ILE-ILE-GLN-LYS...
8WUL,A,175,LYS-VAL-GLN-GLN-SER...
8WUL,B,237,LYS-ILE-ILE-GLN-LYS...
8WUL,E,176,GLN-LYS-VAL-GLN-GLN...
8WUL,F,239,LYS-ILE-ILE-GLN-LYS...
8WUL,G,177,GLN-GLN-LYS-VAL-GLN...
8WUL,H,238,LYS-ILE-ILE-GLN-LYS...
8WUL,L,274,GLY-SER-HIS-SER-MET...
8WUL,M,99,ILE-GLN-ARG-THR-PRO...
8WUL,N,9,VAL-VAL-GLY-ALA-VAL...
8WUL,I,274,GLY-SER-HIS-SER-MET...
8WUL,J,99,ILE-GLN-ARG-THR-PRO...
8WUL,K,9,VAL-VAL-GLY-ALA-VAL...
8WUL,O,274,GLY-SER-HIS-SER-MET...
8WUL,P,99,ILE-GLN-ARG-THR-PRO...
8WUL,Q,9,VAL-VAL-GLY-ALA-VAL...
8WUL,R,274,GLY-SER-HIS-SER-MET...
8WUL,S,99,ILE-GLN-ARG-THR-PRO...
8WUL,T,9,VAL-VAL-GLY-ALA-VAL...
7MKB,A,274,GLY-SER-HIS-SER-MET...
7MKB,B,100,MET-ILE-GLN-ARG-THR...
7MKB,C,9,TYR-LEU-GLN-PRO-ARG...
1HSB,A,272,GLY-SER-HIS-SER-MET...
1HSB,B,99,ILE-GLN-ARG-THR-PRO...
1HSB,C,3,ALA-VAL-ALA
6VRM,A,273,SER-HIS-SER-MET-ARG...
6VRM,B,100,MET-ILE-GLN-ARG-THR...
6VRM,D,183,LYS-GLU-VAL-GLU-GLN...
6VRM,E,244,ALA-GLY-VAL-THR-GLN...
6VRM,P,9,HIS-MET-THR-GLU-VAL...
4GKN,A,276,GLY-SER-HIS-SER-MET...
4GKN,B,100,MET-ILE-GLN-ARG-THR...
4GKN,C,10,PHE-ALA-THR-GLY-ILE...
4GKN,D,276,GLY-SER-HIS-SER-MET...
4GKN,E,100,MET-ILE-GLN-ARG-THR...
4GKN,F,10,PHE-ALA-THR-GLY-ILE...
3VFO,A,276,GLY-SER-HIS-SER-MET...
3VFO,B,99,ILE-GLN-ARG-THR-PRO...
3VFO,C,13,LEU-PRO-GLU-PRO-LEU...
3VFV,A,276,GLY-SER-HIS-SER-MET...
3VFV,B,100,MET-ILE-GLN-ARG-THR...
3VFV,C,13,LEU-PRO-GLU-PRO-LEU...
6VB0,A,276,GLY-SER-HIS-SER-MET...
6VB0,B,100,MET-ILE-GLN-ARG-THR...
6VB0,C,9,GLU-LEU-ARG-ALA-ARG...
9L49,A,270,SER-HIS-SER-MET-ARG...
9L49,B,99,ILE-GLN-ARG-THR-PRO...
9L49,C,9,ARG-ALA-PHE-PRO-GLY...
6GGM,A,274,GLY-SER-HIS-SER-LEU...
6GGM,B,100,MET-ILE-GLN-ARG-THR...
6GGM,C,270,GLY-SER-HIS-SER-LEU...
6GGM,D,100,MET-ILE-GLN-ARG-THR...
6GGM,P,9,ARG-PHE-PRO-ALA-LYS...
6GGM,Q,9,ARG-PHE-PRO-ALA-LYS...
6UZM,A,276,GLY-SER-HIS-SER-MET...
6UZM,B,99,ILE-GLN-ARG-THR-PRO...
6UZM,C,9,HIS-LEU-ALA-SER-SER...
9L48,A,273,SER-HIS-SER-MET-ARG...
9L48,B,100,ALA-ILE-GLN-ARG-THR...
9L48,C,9,ARG-ALA-PHE-PRO-GLY...
3VFU,A,276,GLY-SER-HIS-SER-MET...
3VFU,B,100,MET-ILE-GLN-ARG-THR...
3VFU,C,13,LEU-PRO-GLU-PRO-LEU...
7MJ7,A,275,GLY-SER-HIS-SER-MET...
7MJ7,B,98,GLN-ARG-THR-PRO-LYS...
7MJ7,C,11,LEU-LEU-LEU-PRO-LEU...
7LG3,A,274,GLY-SER-HIS-SER-MET...
7LG3,B,100,MET-ILE-GLN-ARG-THR...
7LG3,C,9,LYS-LEU-TRP-ALA-GLN...
7NMF,A,276,GLY-SER-HIS-SER-MET...
7NMF,B,100,MET-ILE-GLN-ARG-THR...
7NMF,C,9,GLN-LEU-PRO-ARG-LEU...
7NMF,D,194,GLY-GLU-ASP-VAL-GLU...
7NMF,E,240,THR-GLY-VAL-SER-GLN...
8RYN,A,275,GLY-SER-HIS-SER-MET...
8RYN,B,97,GLN-ARG-THR-PRO-LYS...
8RYN,C,9,GLU-LEU-PHE-SER-TYR...
8RYN,D,186,ALA-GLN-GLU-VAL-THR...
8RYN,E,242,GLY-VAL-THR-GLN-THR...
7EDO,A,278,GLY-SER-HIS-SER-LEU...
7EDO,B,100,MET-ILE-GLN-ARG-THR...
7EDO,C,8,CYS-ASN-VAL-THR-LEU...
7EDO,D,278,GLY-SER-HIS-SER-LEU...
7EDO,E,99,ILE-GLN-ARG-THR-PRO...
7EDO,F,8,CYS-ASN-VAL-THR-LEU...
6VB2,A,276,GLY-SER-HIS-SER-MET...
6VB2,B,96,GLN-ARG-THR-PRO-LYS...
6VB2,C,9,GLU-LEU-ARG-ALA-ARG...
6UZS,A,276,GLY-SER-HIS-SER-MET...
6UZS,B,100,MET-ILE-GLN-ARG-THR...
6UZS,C,9,HIS-LEU-ALA-SER-SER...
9GV7,A,275,GLY-SER-HIS-SER-MET...
9GV7,B,100,MET-ILE-GLN-ARG-THR...
9GV7,C,11,SER-LEU-ALA-GLY-GLY...
9GV7,D,187,LYS-GLU-VAL-GLU-GLN...
9GV7,E,241,GLY-VAL-THR-GLN-THR...
3VFN,A,276,GLY-SER-HIS-SER-MET...
3VFN,B,99,ILE-GLN-ARG-THR-PRO...
3VFN,C,13,LEU-PRO-GLU-PRO-LEU...
3VFR,A,276,GLY-SER-HIS-SER-MET...
3VFR,B,100,MET-ILE-GLN-ARG-THR...
3VFR,C,13,LEU-PRO-GLU-ALA-LEU...
6O4Y,A,274,GLY-SER-HIS-SER-MET...
6O4Y,B,99,ILE-GLN-ARG-THR-PRO...
6O4Y,C,9,LYS-LEU-VAL-VAL-GLY...
8EMF,A,276,GLY-SER-HIS-SER-MET...
8EMF,B,100,MET-ILE-GLN-ARG-THR...
8EMF,C,9,LEU-PRO-PHE-ASP-LYS...
8EN8,A,276,GLY-SER-HIS-SER-MET...
8EN8,B,99,ILE-GLN-ARG-THR-PRO...
8EN8,C,9,LEU-PRO-PHE-ASP-LYS...
8EN8,D,205,MET-GLY-GLU-ASN-VAL...
8EN8,E,245,VAL-VAL-SER-GLN-HIS...
8EN8,F,276,GLY-SER-HIS-SER-MET...
8EN8,G,99,ILE-GLN-ARG-THR-PRO...
8EN8,H,9,LEU-PRO-PHE-ASP-LYS...
8EN8,I,205,MET-GLY-GLU-ASN-VAL...
8EN8,J,245,VAL-VAL-SER-GLN-HIS...
8GVB,A,183,GLN-SER-VAL-THR-GLN...
8GVB,B,235,GLY-VAL-SER-GLN-ASP...
8GVB,H,273,SER-HIS-SER-MET-ARG...
8GVB,L,99,ILE-GLN-ARG-THR-PRO...
8GVB,P,8,ARG-TYR-PRO-LEU-THR...
6VQO,A,273,SER-HIS-SER-MET-ARG...
6VQO,B,100,MET-ILE-GLN-ARG-THR...
6VQO,D,193,LYS-GLU-VAL-GLU-GLN...
6VQO,E,240,GLN-VAL-THR-GLN-ASN...
6VQO,F,254,SER-HIS-SER-MET-ARG...
6VQO,G,99,MET-ILE-GLN-ARG-THR...
6VQO,H,196,GLU-VAL-GLU-GLN-ASP...
6VQO,J,241,ALA-GLN-VAL-THR-GLN...
6VQO,P,9,HIS-MET-THR-GLU-VAL...
6VQO,Q,9,HIS-MET-THR-GLU-VAL...
7YG3,A,276,GLY-SER-HIS-SER-MET...
7YG3,C,99,ILE-GLN-ARG-THR-PRO...
7YG3,B,9,ARG-GLN-ASP-ILE-LEU...
6UJQ,A,275,GLY-SER-HIS-SER-MET...
6UJQ,B,100,MET-ILE-GLN-ARG-THR...
6UJQ,C,9,LYS-GLN-TRP-LEU-VAL...
7KGS,A,278,GLY-SER-HIS-SER-MET...
7KGS,B,99,ILE-GLN-ARG-THR-PRO...
7KGS,C,9,ALA-LEU-ASN-THR-PRO...
8EK5,A,276,GLY-SER-HIS-SER-MET...
8EK5,B,99,ILE-GLN-ARG-THR-PRO...
8EK5,C,9,GLN-TYR-ASN-PRO-ILE...
8EK5,E,227,VAL-LEU-THR-GLN-PRO...
6TDP,A,276,GLY-SER-HIS-SER-MET...
6TDP,B,99,ILE-GLN-ARG-THR-PRO...
3KPO,A,276,GLY-SER-HIS-SER-MET...
3KPO,B,100,MET-ILE-GLN-ARG-THR...
3KPO,C,9,GLU-GLU-TYR-LEU-LYS...
8ENH,A,275,SER-HIS-SER-MET-ARG...
8ENH,B,99,ILE-GLN-ARG-THR-PRO...
8ENH,C,9,LEU-PRO-PHE-GLU-LYS...
8ENH,D,205,ALA-GLY-GLU-ASN-VAL...
8ENH,E,245,VAL-VAL-SER-GLN-HIS...
8ENH,F,275,SER-HIS-SER-MET-ARG...
8ENH,G,99,ILE-GLN-ARG-THR-PRO...
8ENH,H,9,LEU-PRO-PHE-GLU-LYS...
8ENH,I,205,ALA-GLY-GLU-ASN-VAL...
8ENH,J,246,ALA-VAL-VAL-SER-GLN...
8ENH,K,252,GLY-SER-HIS-SER-MET...
8ENH,L,100,MET-ILE-GLN-ARG-THR...
8ENH,M,9,LEU-PRO-PHE-GLU-LYS...
8ENH,N,198,SER-ALA-GLY-GLU-ASN...
8ENH,O,246,ALA-VAL-VAL-SER-GLN...
8ENH,P,275,SER-HIS-SER-MET-ARG...
8ENH,Q,99,ILE-GLN-ARG-THR-PRO...
8ENH,R,9,LEU-PRO-PHE-GLU-LYS...
8ENH,S,199,SER-ALA-GLY-GLU-ASN...
8ENH,T,244,ALA-VAL-VAL-SER-GLN...
7DZM,A,278,GLY-GLY-SER-HIS-SER...
7DZM,B,100,MET-ILE-GLN-ARG-THR...
7DZM,C,9,THR-PRO-GLN-ASP-LEU...
7DZM,D,241,ALA-GLY-VAL-ILE-GLN...
7DZM,E,201,ASP-ALA-LYS-THR-THR...
6VQ2,A,276,GLY-SER-HIS-SER-MET...
6VQ2,B,100,MET-ILE-GLN-ARG-THR...
6VQ2,C,10,LYS-ARG-TRP-ILE-ILE...
6VPZ,A,276,GLY-SER-HIS-SER-MET...
6VPZ,B,100,MET-ILE-GLN-ARG-THR...
6VPZ,C,11,LYS-ARG-TRP-ILE-ILE...
7EJN,A,274,GLY-SER-HIS-SER-MET...
7EJN,B,106,GLY-SER-SER-GLY-SER...
7EJN,C,9,MET-TYR-VAL-LYS-TRP...
7N6D,A,275,GLY-SER-HIS-SER-MET...
7N6D,B,99,ILE-GLN-ARG-THR-PRO...
7N6D,C,9,TYR-LEU-GLN-PRO-ARG...
7N6D,E,276,GLY-SER-HIS-SER-MET...
7N6D,F,100,MET-ILE-GLN-ARG-THR...
7N6D,G,9,TYR-LEU-GLN-PRO-ARG...
7N6D,I,276,GLY-SER-HIS-SER-MET...
7N6D,J,100,MET-ILE-GLN-ARG-THR...
7N6D,K,9,TYR-LEU-GLN-PRO-ARG...
7N6D,M,276,GLY-SER-HIS-SER-MET...
7N6D,N,100,MET-ILE-GLN-ARG-THR...
7N6D,O,9,TYR-LEU-GLN-PRO-ARG...
7DUU,A,273,SER-HIS-SER-MET-LYS...
7DUU,B,100,MET-ILE-GLN-ARG-THR...
7DUU,C,9,LEU-ASN-PRO-SER-VAL...
7DUU,D,196,GLU-GLY-VAL-HIS-ARG...
6UZP,A,276,GLY-SER-HIS-SER-MET...
6UZP,B,100,MET-ILE-GLN-ARG-THR...
6UZP,C,9,HIS-LEU-ALA-SER-SER...
8ROP,A,276,GLY-SER-HIS-SER-MET...
8ROP,C,8,GLN-GLU-ILE-ARG-THR...
8ROP,B,100,MET-ILE-GLN-ARG-THR...
7K81,A,276,GLY-SER-HIS-SER-MET...
7K81,B,100,MET-ILE-GLN-ARG-THR...
7K81,C,8,ARG-TYR-PRO-LEU-THR...
7K81,G,280,ASP-LYS-PRO-PHE-LEU...
6Y2A,A,276,GLY-SER-HIS-SER-MET...
6Y2A,B,100,MET-ILE-GLN-ARG-THR...
6Y2A,C,9,GLY-ARG-LEU-ASN-GLN...
6IEX,A,274,GLY-SER-HIS-SER-MET...
6IEX,B,99,ILE-GLN-ARG-THR-PRO...
6IEX,C,10,GLY-GLU-THR-ALA-LEU...
8T6M,A,106,ILE-GLN-MET-THR-GLN...
8T6M,B,126,GLN-ILE-THR-LEU-LYS...
8T6M,C,107,ASP-VAL-GLN-LEU-THR...
8T6M,D,121,GLN-VAL-GLN-LEU-GLN...
8T6M,E,181,GLY-SER-HIS-SER-MET...
8T6M,F,96,MET-ILE-GLN-ARG-THR...
8T6M,G,9,VAL-THR-GLU-HIS-ASP...
6ID4,A,274,GLY-SER-HIS-SER-MET...
6ID4,B,99,ILE-GLN-ARG-THR-PRO...
6ID4,C,216,GLU-VAL-GLN-LEU-VAL...
6ID4,D,215,VAL-LEU-THR-GLN-PRO...
6ID4,E,275,GLY-SER-HIS-SER-MET...
6ID4,F,99,ILE-GLN-ARG-THR-PRO...
6ID4,H,216,GLU-VAL-GLN-LEU-VAL...
6ID4,L,216,ALA-VAL-LEU-THR-GLN...
6ID4,T,9,ALA-ILE-PHE-GLN-SER...
6ID4,U,9,ALA-ILE-PHE-GLN-SER...
3VFP,A,276,GLY-SER-HIS-SER-MET...
3VFP,B,99,ILE-GLN-ARG-THR-PRO...
3VFP,C,13,LEU-PRO-GLU-PRO-LEU...
5DEG,A,276,GLY-SER-HIS-SER-MET...
5DEG,B,100,MET-ILE-GLN-ARG-THR...
5DEG,C,9,ARG-ARG-LYS-TRP-ARG...
8YZZ,A,274,GLY-SER-HIS-SER-MET...
8YZZ,B,100,MET-ILE-GLN-ARG-THR...
8YZZ,E,9,ASN-TYR-ASN-TYR-LEU...
6TDR,A,275,GLY-SER-HIS-SER-MET...
6TDR,B,100,MET-ILE-GLN-ARG-THR...
6TDR,C,275,GLY-SER-HIS-SER-MET...
6TDR,D,100,MET-ILE-GLN-ARG-THR...
8FJA,D,214,ASP-ILE-GLN-MET-THR...
8FJA,E,214,GLU-VAL-GLN-LEU-VAL...
8FJA,A,274,GLY-SER-HIS-SER-MET...
8FJA,B,100,MET-ILE-GLN-ARG-THR...
8FJA,C,10,GLY-VAL-TYR-ASP-GLY...
6Z9X,A,276,GLY-SER-HIS-SER-MET...
6Z9X,B,100,MET-ILE-GLN-ARG-THR...
6Z9X,C,8,LEU-LEU-SER-PHE-GLY...
6Z9X,D,276,GLY-SER-HIS-SER-MET...
6Z9X,E,100,MET-ILE-GLN-ARG-THR...
6Z9X,F,8,LEU-LEU-SER-PHE-GLY...
3VFW,A,276,GLY-SER-HIS-SER-MET...
3VFW,B,99,ILE-GLN-ARG-THR-PRO...
3VFW,C,13,LEU-PRO-GLU-PRO-LEU...
6UZO,A,276,GLY-SER-HIS-SER-MET...
6UZO,B,100,MET-ILE-GLN-ARG-THR...
6UZO,C,9,HIS-LEU-ALA-SER-SER...
3VFM,A,276,GLY-SER-HIS-SER-MET...
3VFM,B,100,MET-ILE-GLN-ARG-THR...
3VFM,C,13,LEU-PRO-GLU-PRO-LEU...
3KYO,A,273,SER-HIS-SER-MET-ARG...
3KYO,B,100,MET-ILE-GLN-ARG-THR...
3KYO,C,273,SER-HIS-SER-MET-ARG...
3KYO,D,100,MET-ILE-GLN-ARG-THR...
3KYO,P,9,LYS-LEU-PRO-ALA-GLN...
3KYO,Q,9,LYS-LEU-PRO-ALA-GLN...
3KPN,A,276,GLY-SER-HIS-SER-MET...
3KPN,B,99,ILE-GLN-ARG-THR-PRO...
3KPN,C,9,GLU-GLU-TYR-LEU-GLN...
6Z9V,A,276,GLY-SER-HIS-SER-MET...
6Z9V,B,100,MET-ILE-GLN-ARG-THR...
6Z9V,C,9,ILE-ILE-GLY-TRP-MET...
6Z9V,D,276,GLY-SER-HIS-SER-MET...
6Z9V,E,100,MET-ILE-GLN-ARG-THR...
6Z9V,F,9,ILE-ILE-GLY-TRP-MET...
8ES9,A,251,ASP-GLN-VAL-THR-GLN...
8ES9,B,287,VAL-VAL-SER-GLN-HIS...
8ES9,Z,36,GLN-SER-PHE-GLY-LEU...
8ES9,Y,31,GLY-LEU-LEU-ASP-PRO...
8ES9,D,106,PHE-LYS-ILE-PRO-ILE...
8ES9,F,124,GLN-THR-PRO-TYR-LYS...
8ES9,G,116,GLN-SER-ILE-LYS-GLY...
8ES9,E,123,GLN-THR-PRO-TYR-LYS...
8ES9,N,275,GLY-SER-HIS-SER-MET...
8ES9,M,100,MET-ILE-GLN-ARG-THR...
8ES9,P,10,GLY-VAL-TYR-ASP-GLY...
8ES9,H,0,
8ES9,L,0,
8ES9,T,0,
7EJL,A,274,GLY-SER-HIS-SER-MET...
7EJL,B,103,GLY-SER-SER-GLY-ILE...
7EJL,C,9,GLN-TYR-ILE-LYS-TRP...
7WT3,A,277,ALA-GLY-SER-HIS-SER...
7WT3,B,100,ALA-ILE-GLN-ARG-THR...
7WT3,C,4,GLY-ALA-ASN-PHE
7WT3,D,210,ALA-GLY-SER-HIS-SER...
7WT3,E,82,ILE-GLN-ARG-THR-PRO...
7WT3,F,4,GLY-ALA-ASN-PHE
7R80,C,274,GLY-SER-HIS-SER-MET...
7R80,D,100,MET-ILE-GLN-ARG-THR...
7R80,E,9,GLN-ALA-SER-GLN-GLU...
7R80,A,200,LYS-GLN-GLU-VAL-THR...
7R80,B,243,ASN-ALA-GLY-VAL-THR...
7P3D,A,276,GLY-SER-HIS-SER-MET...
7P3D,B,100,MET-ILE-GLN-ARG-THR...
7P3D,C,9,TYR-LEU-GLN-PRO-ARG...
6TMO,A,276,GLY-SER-HIS-SER-MET...
6TMO,B,100,MET-ILE-GLN-ARG-THR...
6TMO,C,10,GLU-ALA-ALA-GLY-ILE...
6TMO,D,197,LYS-GLN-GLU-VAL-GLU...
6TMO,E,244,SER-GLN-THR-ILE-HIS...
3VFS,A,276,GLY-SER-HIS-SER-MET...
3VFS,B,99,ILE-GLN-ARG-THR-PRO...
3VFS,C,13,LEU-PRO-GLU-PRO-ALA...
4PRH,A,240,SER-HIS-SER-MET-ARG...
4PRH,B,86,ARG-THR-PRO-LYS-ILE...
4PRH,C,11,HIS-PRO-VAL-GLY-ASP...
4PRH,D,202,GLU-ASP-GLN-VAL-THR...
4PRH,E,240,SER-GLY-VAL-THR-GLN...
6TDS,A,275,GLY-SER-HIS-SER-MET...
6TDS,B,100,MET-ILE-GLN-ARG-THR...
6TDS,C,275,GLY-SER-HIS-SER-MET...
6TDS,D,100,MET-ILE-GLN-ARG-THR...
6VB7,A,276,GLY-SER-HIS-SER-MET...
6VB7,B,100,MET-ILE-GLN-ARG-THR...
6VB7,C,9,THR-VAL-ARG-ALA-SER...
6Y28,A,276,GLY-SER-HIS-SER-MET...
6Y28,B,100,MET-ILE-GLN-ARG-THR...
6Y28,C,9,GLY-ARG-LEU-ASN-GLU...
6VB4,A,276,GLY-SER-HIS-SER-MET...
6VB4,B,99,MET-ILE-GLN-ARG-THR...
6VB4,C,9,THR-VAL-ALA-ALA-SER...
7PBE,A,276,GLY-SER-HIS-SER-MET...
7PBE,B,100,MET-ILE-GLN-ARG-THR...
7PBE,C,9,TYR-LEU-GLN-PRO-ARG...
7PBE,D,199,GLU-VAL-GLU-GLN-ASP...
7PBE,E,242,THR-GLY-VAL-SER-GLN...
7PBE,F,276,GLY-SER-HIS-SER-MET...
7PBE,G,100,MET-ILE-GLN-ARG-THR...
7PBE,H,9,TYR-LEU-GLN-PRO-ARG...
7PBE,I,199,GLU-VAL-GLU-GLN-ASP...
7PBE,J,242,THR-GLY-VAL-SER-GLN...
7WKJ,A,274,GLY-SER-HIS-SER-MET...
7WKJ,B,99,ILE-GLN-ARG-THR-PRO...
7WKJ,C,9,LYS-THR-PHE-PRO-PRO...
6VB6,A,276,GLY-SER-HIS-SER-MET...
6VB6,B,99,ILE-GLN-ARG-THR-PRO...
6VB6,C,9,THR-VAL-ARG-ALA-SER...
7MJ9,A,275,GLY-SER-HIS-SER-MET...
7MJ9,B,100,MET-ILE-GLN-ARG-THR...
7MJ9,C,9,LEU-LEU-LEU-PRO-ARG...
6TDQ,A,279,GLY-SER-HIS-SER-MET...
6TDQ,B,100,MET-ILE-GLN-ARG-THR...
6TDQ,C,279,GLY-SER-HIS-SER-MET...
6TDQ,D,100,MET-ILE-GLN-ARG-THR...
8RJ5,A,276,GLY-SER-HIS-SER-MET...
8RJ5,B,100,MET-ILE-GLN-ARG-THR...
8RJ5,C,9,ASN-TYR-ASN-TYR-LEU...
8RJ5,D,204,MET-ARG-LYS-GLU-VAL...
8RJ5,E,245,GLY-SER-MET-ASN-ALA...
8RJ5,F,276,GLY-SER-HIS-SER-MET...
8RJ5,G,100,MET-ILE-GLN-ARG-THR...
8RJ5,H,9,ASN-TYR-ASN-TYR-LEU...
8RJ5,I,204,MET-ARG-LYS-GLU-VAL...
8RJ5,J,245,GLY-SER-MET-ASN-ALA...
7OW4,A,276,GLY-SER-HIS-SER-MET...
7OW4,B,100,MET-ILE-GLN-ARG-THR...
7OW4,C,8,VAL-VAL-VAL-GLY-GLY...
7OW4,D,276,GLY-SER-HIS-SER-MET...
7OW4,E,100,MET-ILE-GLN-ARG-THR...
7OW4,F,8,VAL-VAL-VAL-GLY-GLY...
7OW4,G,274,GLY-SER-HIS-SER-MET...
7OW4,H,100,MET-ILE-GLN-ARG-THR...
7OW4,I,8,VAL-VAL-VAL-GLY-GLY...
7OW4,J,274,GLY-SER-HIS-SER-MET...
7OW4,K,100,MET-ILE-GLN-ARG-THR...
7OW4,L,8,VAL-VAL-VAL-GLY-GLY...
7WT5,A,277,ALA-GLY-SER-HIS-SER...
7WT5,B,100,ALA-ILE-GLN-ARG-THR...
7WT5,C,8,ARG-ALA-GLY-PHE-VAL...
7WT5,D,243,ALA-GLY-SER-HIS-SER...
7WT5,E,97,ILE-GLN-ARG-THR-PRO...
7WT5,F,8,ARG-ALA-GLY-PHE-VAL...
6VB5,A,276,GLY-SER-HIS-SER-MET...
6VB5,B,99,MET-ILE-GLN-ARG-THR...
6VB5,C,9,THR-VAL-ARG-ALA-SER...
4PRB,A,276,GLY-SER-HIS-SER-MET...
4PRB,B,99,ILE-GLN-ARG-THR-PRO...
4PRB,C,11,HIS-PRO-VAL-ALA-GLU...
8ISN,A,274,GLY-SER-HIS-SER-MET...
8ISN,B,99,ILE-GLN-ARG-THR-PRO...
8ISN,C,9,CYS-TYR-THR-TRP-ASN...
8ISN,D,274,GLY-SER-HIS-SER-MET...
8ISN,E,99,ILE-GLN-ARG-THR-PRO...
8ISN,F,9,CYS-TYR-THR-TRP-ASN...
8ISN,G,0,
6VRN,A,274,GLY-SER-HIS-SER-MET...
6VRN,B,100,MET-ILE-GLN-ARG-THR...
6VRN,D,188,GLN-THR-VAL-THR-GLN...
6VRN,E,242,ALA-GLY-ILE-THR-GLN...
6VRN,P,9,HIS-MET-THR-GLU-VAL...
7KGO,A,275,GLY-SER-HIS-SER-MET...
7KGO,B,98,GLN-ARG-THR-PRO-LYS...
7KGO,C,9,ILE-LEU-LEU-ASN-LYS...
7NME,A,276,GLY-SER-HIS-SER-MET...
7NME,B,100,MET-ILE-GLN-ARG-THR...
7NME,C,9,GLN-LEU-PRO-ARG-LEU...
7NME,D,191,GLU-ASP-VAL-GLU-GLN...
7NME,E,240,THR-GLY-VAL-SER-GLN...
7P3E,A,276,GLY-SER-HIS-SER-MET...
7P3E,B,100,MET-ILE-GLN-ARG-THR...
7P3E,C,9,TYR-LEU-GLN-LEU-ARG...
7P3E,D,276,GLY-SER-HIS-SER-MET...
7P3E,E,100,MET-ILE-GLN-ARG-THR...
7P3E,F,9,TYR-LEU-GLN-LEU-ARG...
3OXR,A,275,GLY-SER-HIS-SER-MET...
3OXR,B,100,MET-ILE-GLN-ARG-THR...
3OXR,C,10,PHE-LEU-PRO-SER-ASP...
7SU9,D,186,ALA-LYS-THR-THR-GLN...
7SU9,E,241,GLY-VAL-THR-GLN-SER...
7SU9,A,273,SER-HIS-SER-MET-ARG...
7SU9,B,100,MET-ILE-GLN-ARG-THR...
7SU9,C,9,GLY-ALA-ASP-GLY-VAL...
6UZQ,A,276,GLY-SER-HIS-SER-MET...
6UZQ,B,100,MET-ILE-GLN-ARG-THR...
6UZQ,C,9,THR-VAL-ARG-ALA-SER...
8EMJ,A,276,GLY-SER-HIS-SER-MET...
8EMJ,B,100,MET-ILE-GLN-ARG-THR...
8EMJ,C,9,LEU-PRO-PHE-ASP-ILE...
7Q99,A,276,GLY-SER-HIS-SER-MET...
7Q99,B,100,MET-ILE-GLN-ARG-THR...
7Q99,C,10,ASN-LEU-SER-ALA-LEU...
7Q99,D,198,GLU-VAL-GLU-GLN-ASN...
7Q99,E,244,SER-GLN-THR-ILE-HIS...
8E8I,A,275,GLY-SER-HIS-SER-MET...
8E8I,B,100,MET-ILE-GLN-ARG-THR...
8E8I,C,8,PHE-VAL-LYS-LYS-LYS...
6UK4,A,275,GLY-SER-HIS-SER-MET...
6UK4,B,100,MET-ILE-GLN-ARG-THR...
6UK4,C,9,LYS-GLN-TRP-LEU-VAL...
6UK4,D,202,GLN-THR-VAL-THR-GLN...
6UK4,E,244,ASP-ALA-GLY-VAL-ILE...
7JYX,A,272,GLY-SER-HIS-SER-MET...
7JYX,B,98,ILE-GLN-ARG-THR-PRO...
7JYX,C,11,THR-TYR-GLN-TRP-ILE...
7JYX,D,274,GLY-SER-HIS-SER-MET...
7JYX,E,100,MET-ILE-GLN-ARG-THR...
7JYX,F,11,THR-TYR-GLN-TRP-ILE...
9L47,A,258,SER-HIS-SER-MET-ARG...
9L47,B,97,ILE-GLN-ARG-THR-PRO...
9L47,C,9,MET-ALA-ARG-GLU-LEU...
9L47,D,272,SER-HIS-SER-MET-ARG...
9L47,E,95,GLN-ARG-THR-PRO-LYS...
9L47,F,9,MET-ALA-ARG-GLU-LEU...
7MJ6,A,275,GLY-SER-HIS-SER-MET...
7MJ6,B,99,ILE-GLN-ARG-THR-PRO...
7MJ6,C,9,LEU-LEU-LEU-PRO-LEU...
7RE7,I,218,GLU-VAL-GLN-LEU-VAL...
7RE7,J,211,SER-VAL-LEU-THR-GLN...
7RE7,H,212,GLU-VAL-GLN-LEU-VAL...
7RE7,L,211,SER-VAL-LEU-THR-GLN...
7RE7,A,276,GLY-SER-HIS-SER-MET...
7RE7,B,100,MET-ILE-GLN-ARG-THR...
7RE7,D,277,GLY-SER-HIS-SER-MET...
7RE7,E,100,MET-ILE-GLN-ARG-THR...
7RE7,C,9,PHE-MET-ASN-LYS-PHE...
7RE7,F,9,PHE-MET-ASN-LYS-PHE...
9C96,A,256,HIS-SER-MET-ARG-TYR...
9C96,B,98,ILE-GLN-ARG-THR-PRO...
9C96,C,235,VAL-LEU-ASP-CYS-PHE...
9C96,D,6,LYS-ILE-LEU-GLY-PHE...
8Z06,A,274,GLY-SER-HIS-SER-MET...
8Z06,B,99,ILE-GLN-ARG-THR-PRO...
8Z06,E,9,ASN-TYR-ASP-TYR-TRP...
3O4L,A,276,GLY-SER-HIS-SER-MET...
3O4L,B,100,MET-ILE-GLN-ARG-THR...
3O4L,C,9,GLY-LEU-CYS-THR-LEU...
3O4L,D,195,GLN-SER-LEU-PHE-LEU...
3O4L,E,245,GLY-ALA-VAL-VAL-SER...
7ZUC,A,276,GLY-SER-HIS-SER-MET...
7ZUC,B,100,MET-ILE-GLN-ARG-THR...
7ZUC,C,9,LEU-LEU-LEU-GLY-ILE...
7ZUC,D,276,GLY-SER-HIS-SER-MET...
7ZUC,E,100,MET-ILE-GLN-ARG-THR...
7ZUC,F,9,LEU-LEU-LEU-GLY-ILE...
8YIV,A,275,GLY-SER-HIS-SER-MET...
8YIV,C,10,ILE-LEU-ASP-THR-ALA...
8YIV,B,100,MET-ILE-GLN-ARG-THR...
8YIV,D,202,ALA-GLN-LYS-VAL-THR...
8YIV,E,247,MET-GLU-ALA-GLN-VAL...
8SBL,A,276,GLY-SER-HIS-SER-MET...
8SBL,B,100,MET-ILE-GLN-ARG-THR...
8SBL,C,9,LEU-TYR-LEU-PRO-VAL...
8SBL,D,276,GLY-SER-HIS-SER-MET...
8SBL,E,100,MET-ILE-GLN-ARG-THR...
8SBL,F,9,LEU-TYR-LEU-PRO-VAL...
8SBL,G,276,GLY-SER-HIS-SER-MET...
8SBL,H,100,MET-ILE-GLN-ARG-THR...
8SBL,I,9,LEU-TYR-LEU-PRO-VAL...
8SBL,J,276,GLY-SER-HIS-SER-MET...
8SBL,K,100,MET-ILE-GLN-ARG-THR...
8SBL,L,9,LEU-TYR-LEU-PRO-VAL...
3KYN,A,275,MET-SER-HIS-SER-MET...
3KYN,B,100,MET-ILE-GLN-ARG-THR...
3KYN,P,9,LYS-GLY-PRO-PRO-ALA...
7SA2,A,278,GLY-SER-HIS-SER-MET...
7SA2,B,99,ILE-GLN-ARG-THR-PRO...
7SA2,C,9,VAL-VAL-PHE-LEU-HIS...
7CIR,A,276,GLY-SER-HIS-SER-MET...
7CIR,B,100,MET-ILE-GLN-ARG-THR...
7CIR,C,10,ARG-ARG-PHE-SEP-ARG...
6VR1,A,275,GLY-SER-HIS-SER-MET...
6VR1,B,100,MET-ILE-GLN-ARG-THR...
6VR1,D,275,GLY-SER-HIS-SER-MET...
6VR1,E,100,MET-ILE-GLN-ARG-THR...
6VR1,P,9,HIS-MET-THR-GLU-VAL...
6VR1,Q,9,HIS-MET-THR-GLU-VAL...
6J2E,A,277,GLY-PHE-HIS-SER-LEU...
6J2E,B,99,ILE-GLN-ARG-THR-PRO...
6J2E,C,10,ASP-PHE-GLN-GLU-SER...
6J2E,D,277,GLY-PHE-HIS-SER-LEU...
6J2E,E,99,ILE-GLN-ARG-THR-PRO...
6J2E,F,10,ASP-PHE-GLN-GLU-SER...
7R7Y,A,276,GLY-SER-HIS-SER-MET...
7R7Y,B,99,MET-GLN-ARG-THR-PRO...
7R7Y,C,9,GLN-ALA-THR-GLN-GLU...
4PRI,A,276,GLY-SER-HIS-SER-MET...
4PRI,B,99,ILE-GLN-ARG-THR-PRO...
4PRI,C,11,HIS-PRO-VAL-GLY-GLU...
4PRI,D,202,GLU-ASP-GLN-VAL-THR...
4PRI,E,240,SER-GLY-VAL-THR-GLN...
9BL5,A,276,GLY-SER-HIS-SER-MET...
9BL5,B,98,MET-ILE-GLN-ARG-THR...
9BL5,C,9,THR-TYR-GLN-TRP-ILE...
9BL5,G,281,LYS-PRO-PHE-LEU-SER...
6GH4,A,274,GLY-SER-HIS-SER-LEU...
6GH4,B,100,MET-ILE-GLN-ARG-THR...
6GH4,C,274,GLY-SER-HIS-SER-LEU...
6GH4,D,100,MET-ILE-GLN-ARG-THR...
6GH4,E,273,GLY-SER-HIS-SER-LEU...
6GH4,F,100,MET-ILE-GLN-ARG-THR...
6GH4,G,274,GLY-SER-HIS-SER-LEU...
6GH4,H,100,MET-ILE-GLN-ARG-THR...
6GH4,P,9,ARG-GLN-PRO-ALA-LYS...
6GH4,Q,9,ARG-GLN-PRO-ALA-LYS...
6GH4,R,9,ARG-GLN-PRO-ALA-LYS...
6GH4,Y,9,ARG-GLN-PRO-ALA-LYS...
8RJH,A,276,GLY-SER-HIS-SER-MET...
8RJH,B,100,MET-ILE-GLN-ARG-THR...
8RJH,C,9,ASN-TYR-ASN-TYR-LEU...
8RJH,D,276,GLY-SER-HIS-SER-MET...
8RJH,E,100,MET-ILE-GLN-ARG-THR...
8RJH,F,9,ASN-TYR-ASN-TYR-LEU...
8RJH,G,276,GLY-SER-HIS-SER-MET...
8RJH,H,100,MET-ILE-GLN-ARG-THR...
8RJH,I,9,ASN-TYR-ASN-TYR-LEU...
8RJH,J,276,GLY-SER-HIS-SER-MET...
8RJH,K,100,MET-ILE-GLN-ARG-THR...
8RJH,L,9,ASN-TYR-ASN-TYR-LEU...
8RJH,M,276,GLY-SER-HIS-SER-MET...
8RJH,N,100,MET-ILE-GLN-ARG-THR...
8RJH,O,9,ASN-TYR-ASN-TYR-LEU...
8RJH,P,276,GLY-SER-HIS-SER-MET...
8RJH,Q,100,MET-ILE-GLN-ARG-THR...
8RJH,R,9,ASN-TYR-ASN-TYR-LEU...
9L4A,A,273,SER-HIS-SER-MET-ARG...
9L4A,B,98,GLN-ARG-THR-PRO-LYS...
9L4A,C,9,MET-ALA-ARG-GLU-LEU...
9L4A,D,272,HIS-SER-MET-ARG-TYR...
9L4A,E,99,ILE-GLN-ARG-THR-PRO...
9L4A,F,9,MET-ALA-ARG-GLU-LEU...
5NQ1,A,276,MET-GLY-PRO-HIS-SER...
5NQ1,B,100,MET-ILE-GLN-ARG-THR...
5NQ1,C,9,ASP-PHE-GLU-ARG-GLU...
5NQ1,D,276,MET-GLY-PRO-HIS-SER...
5NQ1,E,100,MET-ILE-GLN-ARG-THR...
5NQ1,F,9,ASP-PHE-GLU-ARG-GLU...
7T5M,A,276,GLY-SER-HIS-SER-MET...
7T5M,B,99,ILE-GLN-ARG-THR-PRO...
7T5M,C,276,GLY-SER-HIS-SER-MET...
7T5M,D,99,ILE-GLN-ARG-THR-PRO...
7T5M,E,17,PHE-LEU-PRO-THR-PRO...
7T5M,F,16,PHE-LEU-PRO-THR-PRO...
6TRN,A,274,GLY-SER-HIS-SER-MET...
6TRN,B,98,GLN-ARG-THR-PRO-LYS...
6TRN,C,10,ALA-VAL-TYR-ASP-GLY...
7QPJ,C,276,GLY-SER-HIS-SER-MET...
7QPJ,D,100,MET-ILE-GLN-ARG-THR...
7QPJ,E,9,GLY-LEU-TYR-ASP-GLY...
7QPJ,A,200,LYS-GLU-VAL-GLU-GLN...
7QPJ,B,238,ALA-GLY-VAL-THR-GLN...
6TRO,A,273,SER-HIS-SER-MET-ARG...
6TRO,B,100,MET-ILE-GLN-ARG-THR...
6TRO,C,10,GLY-VAL-TYR-ASP-GLY...
6TRO,D,189,ASN-GLN-VAL-GLU-GLN...
6TRO,E,242,VAL-THR-GLN-SER-SER...
7Q9A,A,276,GLY-SER-HIS-SER-MET...
7Q9A,B,100,MET-ILE-GLN-ARG-THR...
7Q9A,C,10,LEU-LEU-LEU-GLY-ILE...
7Q9A,D,199,GLN-GLU-VAL-GLU-GLN...
7Q9A,E,244,SER-GLN-THR-ILE-HIS...
7DZN,A,277,GLY-SER-HIS-SER-MET...
7DZN,B,100,MET-ILE-GLN-ARG-THR...
7DZN,C,9,THR-PRO-GLN-ASP-LEU...
7DZN,D,241,ALA-GLY-VAL-ILE-GLN...
7DZN,E,202,ASP-ALA-LYS-THR-THR...
5NQ3,A,276,MET-GLY-PRO-HIS-SER...
5NQ3,B,100,MET-ILE-GLN-ARG-THR...
5NQ3,C,9,GLU-PHE-GLU-ASP-LEU...
5NQ3,D,276,MET-GLY-PRO-HIS-SER...
5NQ3,E,100,MET-ILE-GLN-ARG-THR...
5NQ3,F,9,GLU-PHE-GLU-ASP-LEU...
9BL9,A,273,SER-HIS-SER-MET-ARG...
9BL9,B,99,MET-ILE-GLN-ARG-THR...
9BL9,C,8,ARG-TYR-PRO-LEU-THR...
9BL9,G,275,LYS-PRO-PHE-LEU-SER...
3OXS,A,275,GLY-SER-HIS-SER-MET...
3OXS,B,100,MET-ILE-GLN-ARG-THR...
3OXS,C,10,PHE-LEU-PRO-SER-ASP...
8EC5,A,257,GLY-SER-HIS-SER-MET...
8EC5,B,99,ILE-GLN-ARG-THR-PRO...
8EC5,C,10,ARG-ALA-PHE-VAL-LYS...
3VFT,A,276,GLY-SER-HIS-SER-MET...
3VFT,B,100,MET-ILE-GLN-ARG-THR...
3VFT,C,13,LEU-PRO-GLU-PRO-LEU...
7KGP,A,278,GLY-SER-HIS-SER-MET...
7KGP,B,98,GLN-ARG-THR-PRO-LYS...
7KGP,C,9,GLY-MET-SER-ARG-ILE...
6VB3,A,277,MET-GLY-SER-HIS-SER...
6VB3,B,100,MET-ILE-GLN-ARG-THR...
6VB3,C,9,THR-VAL-ALA-ALA-SER...
4JRX,A,276,GLY-SER-HIS-SER-MET...
4JRX,B,99,ILE-GLN-ARG-THR-PRO...
4JRX,C,13,LEU-PRO-GLU-PRO-LEU...
4JRX,D,204,GLN-LYS-VAL-THR-GLN...
4JRX,E,238,GLY-VAL-THR-GLN-THR...
7X00,A,277,GLY-SER-HIS-SER-MET...
7X00,B,99,ILE-GLN-ARG-THR-PRO...
7X00,C,9,VAL-SER-PHE-ILE-GLU...
6GL1,A,274,GLY-SER-HIS-SER-LEU...
6GL1,B,100,MET-ILE-GLN-ARG-THR...
6GL1,C,273,GLY-SER-HIS-SER-LEU...
6GL1,D,100,MET-ILE-GLN-ARG-THR...
6GL1,E,274,GLY-SER-HIS-SER-LEU...
6GL1,F,100,MET-ILE-GLN-ARG-THR...
6GL1,G,249,GLY-SER-HIS-SER-LEU...
6GL1,H,100,MET-ILE-GLN-ARG-THR...
6GL1,P,9,ARG-MET-TYR-SER-PRO...
6GL1,R,9,ARG-MET-TYR-SER-PRO...
6GL1,T,9,ARG-MET-TYR-SER-PRO...
6GL1,Q,9,ARG-MET-TYR-SER-PRO...
1ZVS,A,278,GLY-SER-HIS-SER-MET...
1ZVS,B,99,ILE-GLN-ARG-THR-PRO...
1ZVS,C,8,THR-THR-PRO-GLU-SER...
1ZVS,D,278,GLY-SER-HIS-SER-MET...
1ZVS,E,99,ILE-GLN-ARG-THR-PRO...
1ZVS,F,8,THR-THR-PRO-GLU-SER...
6P2S,A,275,GLY-SER-HIS-SER-MET...
6P2S,B,100,MET-ILE-GLN-ARG-THR...
6P2S,C,9,ALA-ALA-ALA-LYS-LYS...
7K80,A,276,GLY-SER-HIS-SER-MET...
7K80,B,100,MET-ILE-GLN-ARG-THR...
7K80,C,8,ARG-TYR-PRO-LEU-THR...
7K80,D,276,GLY-SER-HIS-SER-MET...
7K80,E,100,MET-ILE-GLN-ARG-THR...
7K80,F,8,ARG-TYR-PRO-LEU-THR...
7K80,G,290,ASP-LYS-PRO-PHE-LEU...
7K80,H,275,ASP-LYS-PRO-PHE-LEU...
7CIQ,A,276,GLY-SER-HIS-SER-MET...
7CIQ,B,100,MET-ILE-GLN-ARG-THR...
7CIQ,C,10,ARG-ARG-PHE-SER-ARG...
7R7V,A,276,GLY-SER-HIS-SER-MET...
7R7V,B,100,MET-ILE-GLN-ARG-THR...
7R7V,C,9,GLN-ALA-SER-GLN-GLU...
6VQD,A,275,GLY-SER-HIS-SER-MET...
6VQD,B,99,ILE-GLN-ARG-THR-PRO...
6VQD,C,6,LYS-ARG-TRP-ILE-ILE...
7JYU,A,275,GLY-SER-HIS-SER-MET...
7JYU,B,99,ILE-GLN-ARG-THR-PRO...
7JYU,C,10,ILE-TYR-PHE-SER-PRO...
7JYU,D,274,GLY-SER-HIS-SER-MET...
7JYU,E,100,MET-ILE-GLN-ARG-THR...
7JYU,F,10,ILE-TYR-PHE-SER-PRO...
7LG2,A,274,GLY-SER-HIS-SER-MET...
7LG2,B,100,MET-ILE-GLN-ARG-THR...
7LG2,C,9,ALA-LEU-TRP-GLU-ILE...
7T0L,A,276,GLY-SER-HIS-SER-MET...
7T0L,B,99,ILE-GLN-ARG-THR-PRO...
7T0L,C,9,PHE-ARG-TYR-ASN-GLY...
7T0L,D,276,GLY-SER-HIS-SER-MET...
7T0L,E,99,ILE-GLN-ARG-THR-PRO...
7T0L,F,9,PHE-ARG-TYR-ASN-GLY...
7T0L,G,218,VAL-GLN-LEU-LYS-GLN...
7T0L,H,215,VAL-GLN-LEU-LYS-GLN...
7T0L,K,211,SER-ILE-VAL-MET-THR...
7T0L,L,211,SER-ILE-VAL-MET-THR...
8YZW,D,274,GLY-SER-HIS-SER-MET...
8YZW,E,100,MET-ILE-GLN-ARG-THR...
8YZW,F,9,ASN-TYR-ASP-TYR-TRP...
8YZW,A,274,GLY-SER-HIS-SER-MET...
8YZW,B,100,MET-ILE-GLN-ARG-THR...
8YZW,C,9,ASN-TYR-ASP-TYR-TRP...
7SIH,A,276,GLY-SER-HIS-SER-MET...
7SIH,B,99,ILE-GLN-ARG-THR-PRO...
7SIH,C,8,ASN-PRO-ASP-ILE-VAL...
6VIU,A,276,GLY-SER-HIS-SER-MET...
6VIU,B,99,MET-ILE-GLN-ARG-THR...
6VIU,C,9,THR-VAL-ALA-ALA-SER...
8Z08,C,274,GLY-SER-HIS-SER-MET...
8Z08,D,100,MET-ILE-GLN-ARG-THR...
8Z08,F,9,ASN-TYR-ASN-TYR-GLN...
8GOM,A,275,GLY-SER-HIS-SER-MET...
8GOM,B,100,MET-ILE-GLN-ARG-THR...
8GOM,C,9,ARG-LEU-GLN-SER-LEU...
8GOM,D,191,ALA-GLN-THR-VAL-THR...
8GOM,E,244,ALA-GLY-VAL-ILE-GLN...
3HG1,A,276,GLY-SER-HIS-SER-MET...
3HG1,B,100,MET-ILE-GLN-ARG-THR...
3HG1,C,10,GLU-LEU-ALA-GLY-ILE...
3HG1,D,194,GLN-GLU-VAL-GLU-GLN...
3HG1,E,244,SER-GLN-THR-ILE-HIS...
8GVI,A,203,GLN-SER-VAL-THR-GLN...
8GVI,B,241,THR-GLY-VAL-SER-GLN...
8GVI,H,274,GLY-SER-HIS-SER-MET...
8GVI,L,99,ILE-GLN-ARG-THR-PRO...
8GVI,P,8,ARG-TYR-PRO-LEU-THR...
4PRD,A,276,GLY-SER-HIS-SER-MET...
4PRD,B,99,ILE-GLN-ARG-THR-PRO...
4PRD,C,11,HIS-PRO-VAL-GLY-ASP...
8EMG,A,276,GLY-SER-HIS-SER-MET...
8EMG,B,100,MET-ILE-GLN-ARG-THR...
8EMG,C,9,LEU-PRO-PHE-GLU-LYS...
6GH1,A,274,GLY-SER-HIS-SER-LEU...
6GH1,B,100,MET-ILE-GLN-ARG-THR...
6GH1,P,9,ARG-LEU-PRO-ALA-LYS...
6GH1,C,274,GLY-SER-HIS-SER-LEU...
6GH1,D,100,MET-ILE-GLN-ARG-THR...
6GH1,Q,9,ARG-LEU-PRO-ALA-LYS...
6GH1,E,274,GLY-SER-HIS-SER-LEU...
6GH1,F,100,MET-ILE-GLN-ARG-THR...
6GH1,R,9,ARG-LEU-PRO-ALA-LYS...
6GH1,G,274,GLY-SER-HIS-SER-LEU...
6GH1,H,100,MET-ILE-GLN-ARG-THR...
6GH1,Z,9,ARG-LEU-PRO-ALA-LYS...
8Z07,A,274,GLY-SER-HIS-SER-MET...
8Z07,B,99,ILE-GLN-ARG-THR-PRO...
8Z07,C,9,ASN-TYR-ASN-TYR-ARG...
7R7W,A,276,GLY-SER-HIS-SER-MET...
7R7W,B,100,MET-ILE-GLN-ARG-THR...
7R7W,C,9,GLN-ALA-THR-GLN-GLU...
8RNH,A,276,GLY-SER-HIS-SER-MET...
8RNH,C,9,GLU-GLU-ILE-GLU-ILE...
8RNH,B,100,MET-ILE-GLN-ARG-THR...
6K7T,A,253,GLY-PHE-HIS-SER-LEU...
6K7T,B,99,ILE-GLN-ARG-THR-PRO...
6K7T,C,8,ASP-PHE-ALA-ASN-THR...
6W51,A,268,GLY-SER-HIS-SER-MET...
6W51,B,99,ILE-GLN-ARG-THR-PRO...
6W51,C,9,HIS-MET-THR-GLU-VAL...
6W51,D,274,GLY-SER-HIS-SER-MET...
6W51,E,100,ALA-ILE-GLN-ARG-THR...
6W51,F,9,HIS-MET-THR-GLU-VAL...
6W51,G,272,GLY-SER-HIS-SER-MET...
6W51,H,100,ALA-ILE-GLN-ARG-THR...
6W51,I,9,HIS-MET-THR-GLU-VAL...
6W51,J,275,GLY-SER-HIS-SER-MET...
6W51,K,99,ILE-GLN-ARG-THR-PRO...
6W51,L,9,HIS-MET-THR-GLU-VAL...
6W51,M,223,GLU-VAL-GLN-LEU-VAL...
6W51,N,214,ASP-ILE-GLN-MET-THR...
6W51,O,223,GLU-VAL-GLN-LEU-VAL...
6W51,P,214,ASP-ILE-GLN-MET-THR...
6W51,Q,221,GLU-VAL-GLN-LEU-VAL...
6W51,R,214,ASP-ILE-GLN-MET-THR...
6W51,S,222,VAL-GLN-LEU-VAL-GLU...
6W51,T,210,GLN-MET-THR-GLN-SER...
6O53,A,273,SER-HIS-SER-MET-ARG...
6O53,B,99,ILE-GLN-ARG-THR-PRO...
6O53,C,10,LYS-LEU-VAL-VAL-VAL...
7BBG,A,274,GLY-SER-HIS-SER-MET...
7BBG,B,100,MET-ILE-GLN-ARG-THR...
7BBG,C,9,ARG-MET-PHE-PRO-ASN...
7BBG,H,215,VAL-GLN-LEU-VAL-GLN...
7BBG,L,212,ASP-ILE-GLN-MET-THR...
8ROO,A,276,GLY-SER-HIS-SER-MET...
8ROO,B,8,TYR-GLU-ARG-MET-CYS...
8ROO,C,100,MET-ILE-GLN-ARG-THR...
